<log4net>
  <appender name="file" type="log4net.Appender.RollingFileAppender">
    <file value="logs/app.log"/>
    <immediateFlush>true</immediateFlush>
    <lockingModel type="log4net.Appender.FileAppender+MinimalLock"/>
    <appendToFile value="true"/>
    <datePattern value="app-yyyy-MM-dd-HH'.log'" />
    <rollingStyle value="Composite" />
    <filter type="log4net.Filter.LevelRangeFilter">
      <acceptOnMatch value="true"/>
      <levelMin value="DEBUG"/>
      <levelMax value="FATAL"/>
    </filter>
    <layout type="log4net.Layout.PatternLayout">
      <conversionPattern value="[%-23d] %-5p %c %M: %m %n"/>
    </layout>
  </appender>
  <appender name="console" type="log4net.Appender.ConsoleAppender">
    <layout type="log4net.Layout.PatternLayout">
	  <conversionPattern value="%date %level %logger - %message%newline" />
    </layout>
  </appender>

  <root>
	<level value="ALL"/>
    <appender-ref ref="file" />
	<appender-ref ref="console" />
  </root>
</log4net>